{"cik":"3","entityType":"other","sic":"0000","sicDescription":"","ownerOrg":null,"insiderTransactionForOwnerExists":0,"insiderTransactionForIssuerExists":0,"name":"DEFINED ASSET FUNDS MUNICIPAL INVT TR FD NEW YORK SER 33","tickers":[],"exchanges":[],"ein":null,"description":"","website":"","investorWebsite":"","category":"","fiscalYearEnd":"1231","stateOfIncorporation":"NY","stateOfIncorporationDescription":"NY","addresses":{"mailing":{"street1":null,"street2":null,"city":null,"stateOrCountry":null,"zipCode":null,"stateOrCountryDescription":null},"business":{"street1":"ONE LIBERTY PLZ - 21ST FLR","street2":"C/O MERRILL LYNCH PIERCE FENNER & SMITH","city":"NEW YORK","stateOrCountry":"NY","zipCode":"10080","stateOrCountryDescription":"NY"}},"phone":null,"flags":"","formerNames":[],"filings":{"recent":{"accessionNumber":["0000934850-98-002871","0000934850-98-002151","0000934850-98-001281","0000934850-97-000209","0000000003-96-000001","0000934850-95-001755","0000950103-94-000082"],"filingDate":["1998-07-09","1998-03-10","1998-03-02","1997-02-19","1996-02-14","1995-02-15","1994-02-16"],"reportDate":["1998-04-30","1997-12-31","1997-12-31","1996-12-31","1995-12-31","1994-12-31","1993-12-31"],"acceptanceDateTime":["1998-07-09T00:00:00.000Z","1998-03-10T00:00:00.000Z","1998-03-02T00:00:00.000Z","1997-02-19T00:00:00.000Z","1996-02-14T00:00:00.000Z","1995-02-15T00:00:00.000Z","1994-02-16T00:00:00.000Z"],"act":["","","","","","",""],"form":["24F-2NT","24F-2NT/A","24F-2NT","24F-2NT","24F-2NT","24F-2NT","24F-2NT"],"fileNumber":["002-69698","002-69698","002-69698","002-69698","002-69698","002-69698","002-69698"],"filmNumber":["98663566","98562821","98556086","97538021","96519961","95511701","94509156"],"items":["","","","","","",""],"core_type":["24F-2NT","24F-2NT/A","24F-2NT","24F-2NT","24F-2NT","24F-2NT","24F-2NT"],"size":[5688,5478,5389,7673,5368,5374,5274],"isXBRL":[0,0,0,0,0,0,0],"isInlineXBRL":[0,0,0,0,0,0,0],"primaryDocument":["","","","","","",""],"primaryDocDescription":["","","","","","",""]},"files":[]}}