{"cik":"63","entityType":"other","sic":"6021","sicDescription":"National Commercial Banks","ownerOrg":null,"insiderTransactionForOwnerExists":0,"insiderTransactionForIssuerExists":0,"name":"FNW BANCORP INC","tickers":[],"exchanges":[],"ein":"363085933","description":"","website":"","investorWebsite":"","category":"","fiscalYearEnd":"1231","stateOfIncorporation":"DE","stateOfIncorporationDescription":"DE","addresses":{"mailing":{"street1":null,"street2":null,"city":null,"stateOrCountry":null,"zipCode":null,"stateOrCountryDescription":null},"business":{"street1":"SIX FOUNTAIN SQ PLZ","street2":null,"city":"ELGIN","stateOrCountry":"IL","zipCode":"60120","stateOrCountryDescription":"IL"}},"phone":"7086971100","flags":"","formerNames":[],"filings":{"recent":{"accessionNumber":["0001172661-21-000582"],"filingDate":["2021-02-16"],"reportDate":[""],"acceptanceDateTime":["2021-02-16T12:59:50.000Z"],"act":["34"],"form":["SC 13G"],"fileNumber":["005-37791"],"filmNumber":["21635256"],"items":[""],"core_type":["SC 13G"],"size":[79481],"isXBRL":[0],"isInlineXBRL":[0],"primaryDocument":["paradice-atro123120.htm"],"primaryDocDescription":[""]},"files":[]}}