{"cik":"49","entityType":"other","sic":"0000","sicDescription":"","ownerOrg":null,"insiderTransactionForOwnerExists":0,"insiderTransactionForIssuerExists":0,"name":"NEW YORK MUNICIPAL TRUST SERIES 15","tickers":[],"exchanges":[],"ein":null,"description":"","website":"","investorWebsite":"","category":"","fiscalYearEnd":"1231","stateOfIncorporation":"NY","stateOfIncorporationDescription":"NY","addresses":{"mailing":{"street1":null,"street2":null,"city":null,"stateOrCountry":null,"zipCode":null,"stateOrCountryDescription":null},"business":{"street1":"245 PARK AVE","street2":"BEAR STEARNS & CO INC","city":"NEW YORK","stateOrCountry":"NY","zipCode":"10167","stateOrCountryDescription":"NY"}},"phone":"2122722500","flags":"","formerNames":[],"filings":{"recent":{"accessionNumber":["0000903112-95-000550","0000903112-95-000186","0000903112-94-000473","0000903112-94-000306"],"filingDate":["1995-06-09","1995-04-20","1994-05-26","1994-04-21"],"reportDate":["","","",""],"acceptanceDateTime":["1995-06-09T00:00:00.000Z","1995-04-20T00:00:00.000Z","1994-05-26T00:00:00.000Z","1994-04-21T00:00:00.000Z"],"act":["","","",""],"form":["497","485BPOS","497J","485BPOS"],"fileNumber":["002-69621","002-69621","002-69621","002-69621"],"filmNumber":["95546033","95529816","94530491","94523502"],"items":["","","",""],"core_type":["497","485BPOS","497J","485BPOS"],"size":[230637,481338,2571,458379],"isXBRL":[0,0,0,0],"isInlineXBRL":[0,0,0,0],"primaryDocument":["","","",""],"primaryDocDescription":["FINAL PROSPECTUS","FORM","497J CERTIFICATE","FORM"]},"files":[]}}