{"cik":"51","entityType":"other","sic":"7385","sicDescription":"Services-Telephone Interconnect Systems","ownerOrg":null,"insiderTransactionForOwnerExists":0,"insiderTransactionForIssuerExists":0,"name":"UC CORP","tickers":[],"exchanges":[],"ein":"540854402","description":"","website":"","investorWebsite":"","category":"","fiscalYearEnd":"0630","stateOfIncorporation":"VA","stateOfIncorporationDescription":"VA","addresses":{"mailing":{"street1":null,"street2":null,"city":null,"stateOrCountry":null,"zipCode":null,"stateOrCountryDescription":null},"business":{"street1":"700 ROUTE 46 E","street2":null,"city":"FAIRFIELD","stateOrCountry":"NJ","zipCode":"07006","stateOrCountryDescription":"NJ"}},"phone":"2018821010","flags":"","formerNames":[],"filings":{"recent":{"accessionNumber":["9999999997-02-052343"],"filingDate":["2002-09-23"],"reportDate":["2002-06-30"],"acceptanceDateTime":["2002-09-25T15:17:33.000Z"],"act":[""],"form":["ARS"],"fileNumber":["001-08085"],"filmNumber":["02058806"],"items":[""],"core_type":["ARS"],"size":[1655],"isXBRL":[0],"isInlineXBRL":[0],"primaryDocument":["9999999997-02-052343.paper"],"primaryDocDescription":["AUTO-GENERATED PAPER DOCUMENT"]},"files":[]}}