{"cik":"13","entityType":"other","sic":"","sicDescription":"","ownerOrg":null,"insiderTransactionForOwnerExists":0,"insiderTransactionForIssuerExists":0,"name":"CORPORATE INCOME FUND SEVENTY NINTH SHORT TERM SERIES","tickers":[],"exchanges":[],"ein":"000000000","description":"","website":"","investorWebsite":"","category":"","fiscalYearEnd":null,"stateOfIncorporation":"","stateOfIncorporationDescription":"","addresses":{"mailing":{"street1":null,"street2":null,"city":null,"stateOrCountry":null,"zipCode":null,"stateOrCountryDescription":null},"business":{"street1":"ONE LIBERTY PLZ 21ST FL","street2":"C/O MERRILL LYNCH PIERCE FENNER & SMITH","city":"NEW YORK","stateOrCountry":"NY","zipCode":"10080","stateOrCountryDescription":"NY"}},"phone":null,"flags":"","formerNames":[],"filings":{"recent":{"accessionNumber":[],"filingDate":[],"reportDate":[],"acceptanceDateTime":[],"act":[],"form":[],"fileNumber":[],"filmNumber":[],"items":[],"core_type":[],"size":[],"isXBRL":[],"isInlineXBRL":[],"primaryDocument":[],"primaryDocDescription":[]},"files":[]}}