{"cik":"36692","entityType":"other","sic":"","sicDescription":"","ownerOrg":"","insiderTransactionForOwnerExists":0,"insiderTransactionForIssuerExists":0,"name":"FIRST NATIONAL CORP OF ARDMORE INC","tickers":[],"exchanges":[],"ein":"730130930","description":"","website":"","investorWebsite":"","category":"","fiscalYearEnd":"1231","stateOfIncorporation":"OK","stateOfIncorporationDescription":"OK","addresses":{"mailing":{"street1":"405 MAIN STREET","street2":null,"city":"ARDMORE","stateOrCountry":"OK","zipCode":"73401","stateOrCountryDescription":"OK"},"business":{"street1":"405 WEST MAIN","street2":null,"city":"ARDMORE","stateOrCountry":"OK","zipCode":"73401","stateOrCountryDescription":"OK"}},"phone":"5802211155","flags":"","formerNames":[],"filings":{"recent":{"accessionNumber":["0000036692-24-000002","0000036692-23-000001","0000036692-21-000002","0000036692-12-000002","0000036692-12-000001","0000036692-11-000005"],"filingDate":["2024-10-11","2023-08-22","2021-12-20","2012-10-29","2012-03-26","2011-10-05"],"reportDate":["","","","","",""],"acceptanceDateTime":["2024-10-11T15:53:08.000Z","2023-08-22T10:56:16.000Z","2021-12-20T13:28:09.000Z","2012-10-29T14:12:07.000Z","2012-03-26T17:25:03.000Z","2011-10-05T16:20:07.000Z"],"act":["33","33","33","33","33","33"],"form":["D","D","D","D","D","D"],"fileNumber":["021-526631","021-490359","021-425880","021-186220","021-175610","021-166812"],"filmNumber":["241367495","231191411","211504557","121166594","12715250","111127034"],"items":["06c","06c","06b","06","06","06"],"core_type":["D","D","D","D","D","D"],"size":[15862,17461,15946,15709,15783,15861],"isXBRL":[0,0,0,0,0,0],"isInlineXBRL":[0,0,0,0,0,0],"primaryDocument":["xslFormDX01/primary_doc.xml","xslFormDX01/primary_doc.xml","xslFormDX01/primary_doc.xml","xslFormDX01/primary_doc.xml","xslFormDX01/primary_doc.xml","xslFormDX01/primary_doc.xml"],"primaryDocDescription":["","","","","",""]},"files":[]}}